blockGroup,marketCategory,sales20092010,salesPriceCoefficientVariance ,commercialResidentialLandRatio,unitsPerSquareMile,residentialPermits,vacantLots,vacantHouseNotices,foreclosureFilings,medianSalesPrice20092010,ownerOccupied
2402001,Regional Choice,99,0.52,10.14,8466.67,1,2,0,5,$254900.00,65.2
2102001,Middle Market Stressed,90,0.76,1.8,6241.67,0,7,8,8,$59000.00,47.9
103002,Regional Choice,87,0.46,22.04,22000,1,0,2,6,$189900.00,41.3
2102002,Middle Market Stressed,83,0.65,2.96,670.89,1,6,9,8,$60541.00,49.9
101001,Regional Choice,79,0.4,15.25,15225,0,0,0,3,$238000.00,78
603002,Regional Choice,76,0.59,0,12125,0,6,3,5,$168000.00,48.9
2401001,Regional Choice,74,0.41,14.16,1780.49,1,9,1,5,$208000.00,75.7
602004,Middle Market Stressed,72,0.76,0,13950,3,3,8,8,$71435.00,42
101002,Regional Choice,69,0.35,3.59,11975,1,1,1,5,$235000.00,69.4
102003,Regional Choice,67,0.32,24577.62,16400,0,0,0,3,$230000.00,77.4
601002,Middle Market,65,0.58,5702.41,13700,0,0,2,7,$100000.00,47.6
2302002,Regional Choice,64,0.4,0,14625,1,2,2,4,$232500.00,67.1
104002,Regional Choice,64,0.8,2.54,12875,0,2,0,6,$270950.00,42.9
2610004,Middle Market Choice,62,0.49,4322.94,11125,1,0,0,5,$147450.00,62.1
201002,Regional Choice,62,0.56,11.88,15950,1,1,0,3,$174500.00,55.9
701002,Distressed,62,0.57,13.63,13375,0,1,8,6,$32000.00,34.4
104001,Regional Choice,61,0.38,1.61,8383.33,1,1,0,3,$200000.00,61.5
105002,Regional Choice,60,0.54,0,16300,1,1,1,7,$165250.00,50.6
2303001,Regional Choice,60,0.44,0,13850,1,2,1,5,$202000.00,63.3
2604043,Middle Market Stressed,59,0.94,2.96,2752.94,0,2,3,9,$39900.00,40.4
2101002,Middle Market Stressed,58,0.83,4,11700,1,4,9,8,$59950.00,51.1
601003,Middle Market,57,0.62,0,14600,1,0,4,8,$98500.00,57.8
2302001,Regional Choice,56,0.34,1.56,11075,1,1,0,3,$256500.00,55.3
203001,Regional Choice,55,0.61,2.99,8983.33,0,17,1,3,$240000.00,40.2
103001,Regional Choice,54,0.42,12.93,2204.55,0,3,1,4,$232500.00,76.6
202002,Middle Market Choice,54,0.53,3.63,9940,0,2,1,6,$132000.00,51.7
1503004,Middle Market Stressed,53,0.47,0,3333.33,0,10,25,3,$52500.00,24.3
2608002,Middle Market Stressed,53,0.69,8.21,7383.33,0,1,2,8,$70000.00,51.5
2401002,Regional Choice,53,0.4,8.86,1369.7,0,3,1,3,$220000.00,74.9
2704011,Middle Market,53,0.51,4.53,4005,0,3,0,8,$102000.00,60.8
2608001,Middle Market Stressed,52,0.52,1.63,8900,0,1,2,9,$59000.00,36.3
603001,Middle Market Stressed,51,0.7,0,5800,1,18,19,6,$65000.00,26.4
102001,Middle Market Choice,51,0.49,0,12300,1,0,2,8,$159900.00,68.8
1306004,Middle Market Choice,50,0.44,3.19,2672.22,0,5,0,2,$174250.00,75.1
2609001,Regional Choice,50,0.38,0.47,4050,0,5,0,5,$201250.00,69.6
906002,Distressed,50,0.96,0,8300,0,4,21,7,$23334.00,38.7
602005,Middle Market Stressed,50,0.9,0,9800,0,0,17,15,$45725.00,23.7
2402002,Regional Choice,49,0.34,1231.19,9000,1,12,0,2,$252000.00,74.9
2301002,Regional Choice,48,0.41,23.72,6185.71,1,1,1,3,$259450.00,65.4
101003,Regional Choice,47,0.41,5.08,6100,0,3,0,3,$299000.00,78.6
602001,Middle Market Stressed,47,0.88,0,7650,0,1,12,13,$40000.00,36.1
2404001,Regional Choice,47,0.29,0,17950,1,29,0,1,$239900.00,84.7
2501012,Middle Market,46,0.94,63.96,3171.43,7,2,0,6,$102500.00,73.7
2303002,Middle Market Choice,46,0.48,2.46,485.42,1,14,1,8,$154100.00,64.9
602002,Middle Market Choice,46,0.56,5.38,12700,1,0,2,7,$117500.00,57.8
2609002,Regional Choice,45,0.36,0,9850,0,0,1,3,$218000.00,74.9
2609003,Regional Choice,45,0.41,1.14,8600,1,1,0,6,$249000.00,32.6
2705024,Middle Market Choice,45,0.35,7.9,2850,0,2,0,6,$169500.00,70.4
1803002,Middle Market Stressed,45,0.91,12.43,9960,1,16,7,7,$45900.00,33.2
902001,Middle Market Choice,44,0.53,76.05,1061.4,0,1,0,4,$135250.00,82.5
602003,Middle Market Choice,42,0.63,0,13200,0,1,2,6,$128500.00,54.7
2603024,Middle Market Stressed,42,0.49,0,10400,0,0,0,6,$58500.00,70
903004,Middle Market Stressed,42,0.66,0,9316.67,0,3,1,9,$53000.00,56.5
2601025,Middle Market Choice,42,0.38,5.84,2829.41,0,2,1,9,$132432.00,74.6
2611001,Regional Choice,41,0.46,10.15,10000,1,0,1,5,$229900.00,65.8
904001,Middle Market Stressed,40,0.64,3.41,6260,0,11,2,8,$41000.00,30.9
2201004,Regional Choice,40,0.39,12.24,7071.43,1,2,0,1,$361950.00,65.6
703001,Distressed,39,0.48,481.5,3500,0,5,55,7,$28500.00,24.3
2006001,Distressed,39,0.81,3.03,764,0,8,7,6,$25500.00,58.4
808003,Distressed,38,1.12,7.3,6140,4,23,27,4,$31500.00,18.9
907003,Distressed,38,0.94,0,7280,0,2,10,6,$19913.00,45.6
2705014,Middle Market Choice,38,0.33,21.52,3676.47,0,1,0,4,$163000.00,82.2
2505004,Middle Market Stressed,37,0.64,30.29,8235.71,0,6,2,7,$55000.00,22.1
801023,Distressed,37,0.63,6.81,11633.33,0,0,5,8,$35000.00,48.3
1308042,Middle Market Choice,37,0.44,11.77,2941.18,0,8,1,3,$149500.00,65.9
2504011,Middle Market Stressed,37,0.64,2.85,3052.38,0,7,3,7,$60000.00,43.4
1207001,Middle Market Choice,37,0.53,1.1,4500,0,1,0,3,$115000.00,60.9
2404004,Regional Choice,37,0.44,17.66,13300,1,2,1,2,$230000.00,78.8
901005,Middle Market Stressed,36,0.81,0,9233.33,0,4,7,8,$45000.00,48.9
2404005,Regional Choice,36,0.35,556.94,11500,6,3,1,2,$261700.00,82.2
2704012,Middle Market Choice,36,0.47,18.65,4200,0,10,0,7,$133500.00,64.8
2705023,Middle Market Choice,36,0.37,0,3183.33,1,1,0,5,$146450.00,86.3
2708014,Middle Market Choice,36,0.29,0,5550,0,10,0,4,$138000.00,82.3
1902003,Distressed,36,1.05,20.42,5640,0,10,21,7,$19833.00,34.4
1307004,Regional Choice,36,0.4,4.49,10371.43,1,6,1,3,$177500.00,36
1306002,Middle Market Choice,36,0.37,3.97,12833.33,1,1,1,4,$146750.00,61.8
2502054,Middle Market Stressed,35,0.73,29.89,2022.73,0,8,2,8,$55000.00,56.6
2714001,Regional Choice,35,0.47,2.76,2170.37,1,3,0,1,$475000.00,70
2712003,Regional Choice,35,0.38,9.18,2806.67,0,2,0,2,$365000.00,86
702002,Distressed,35,0.63,0,13350,0,0,8,11,$25000.00,39
1608022,Distressed,34,0.95,9.74,5300,0,12,9,7,$29500.00,59
2101003,Middle Market Stressed,34,0.72,0.67,673.17,0,12,4,7,$61000.00,53.3
1203002,Middle Market Stressed,34,0.96,25.96,11466.67,1,1,10,4,$52250.00,41.4
2501032,Middle Market Choice,34,0.28,22.61,1190,0,5,0,4,$128750.00,88.8
1207002,Middle Market Stressed,34,0.67,3.11,7160,0,2,7,7,$67450.00,47.1
1207003,Middle Market Stressed,33,0.69,1.01,1255.56,0,7,2,4,$55000.00,53.2
2708031,Middle Market Choice,33,0.38,57.49,2490.7,0,1,0,4,$116900.00,56
1306001,Middle Market Choice,33,0.4,29.13,7783.33,0,5,0,2,$158000.00,58.5
102004,Middle Market Choice,33,0.48,0,5016.67,1,0,1,7,$143250.00,69.2
102002,Regional Choice,32,0.46,0,14100,0,0,2,5,$199694.00,77.2
2504021,Middle Market Stressed,32,0.61,9.38,8057.14,0,3,6,6,$67000.00,32.9
1607002,Distressed,32,0.84,0,7275,0,3,9,7,$27500.00,51
2611002,Regional Choice,32,0.35,0,11133.33,0,0,0,4,$292000.00,70.2
2708011,Middle Market Choice,32,0.38,10.16,6983.33,0,2,0,4,$124750.00,70.3
2101001,Middle Market Choice,32,0.54,2.2,4766.67,1,9,1,4,$154968.00,66
907001,Distressed,32,0.89,39.28,6600,0,6,15,8,$26250.00,42.9
1308033,Middle Market Choice,32,0.35,1145.81,5825,0,7,0,3,$172000.00,80.4
2602023,Middle Market,32,0.43,37.4,5090.91,0,1,0,6,$92750.00,78.8
2709023,Middle Market Choice,32,0.4,30761.43,5200,0,0,0,4,$127450.00,89.3
2403003,Regional Choice,32,0.4,11.65,15350,1,0,0,3,$247500.00,69.1
1502002,Distressed,32,0.86,0,6933.33,3,17,22,2,$24379.00,30.5
2503011,Distressed,31,0.81,4.14,461.54,1,17,13,5,$27500.00,47.5
801013,Middle Market Stressed,31,0.5,2.87,7720,0,0,1,6,$57500.00,61.6
702003,Distressed,31,0.79,0,12900,0,0,21,10,$28000.00,26.3
2611003,Regional Choice,31,0.4,0,12900,5,3,0,2,$275000.00,72.7
2708033,Middle Market Choice,31,0.39,1.04,3771.43,0,0,0,5,$133000.00,66.6
2610002,Distressed,31,0.47,1.36,6175,0,1,4,8,$34900.00,27.1
2003004,Distressed,30,1.03,10.05,7500,0,13,22,9,$18390.00,28.5
1608024,Distressed,30,0.8,0,8600,0,5,4,8,$34000.00,56.5
2605011,Middle Market,30,0.3,0.17,1366.67,0,1,0,2,$100550.00,53.5
2008001,Middle Market Stressed,30,0.66,2.82,1457.14,0,8,6,9,$52725.00,40.9
2403002,Regional Choice,30,0.48,25.64,18450,1,2,1,3,$297500.00,67.7
2707032,Middle Market Choice,30,0.41,9.75,3038.46,0,1,0,5,$148500.00,80.9
2403001,Regional Choice,30,0.4,5.1,13500,1,2,0,3,$249450.00,45.5
2709021,Middle Market,30,0.39,0,2576.19,0,0,0,4,$105342.00,90
2505002,Middle Market Stressed,30,0.75,5.71,2100,0,10,2,5,$58750.00,47.5
2504023,Middle Market Stressed,30,0.72,51.76,4663.64,0,4,4,4,$55354.00,43.2
2502062,Middle Market,30,0.56,39.44,1173.33,0,10,1,7,$83975.00,81.7
2610003,Middle Market Stressed,29,0.71,0,12200,0,0,3,9,$57750.00,35.5
2603014,Middle Market Stressed,29,0.45,10.68,9366.67,0,0,1,13,$53000.00,56.7
1202002,Regional Choice,29,0.47,1.94,6885.71,0,1,0,1,$188000.00,58.2
1306003,Middle Market Choice,29,0.41,3.42,7016.67,0,4,0,4,$158000.00,64.4
2601024,Middle Market Choice,29,0.42,16.23,3208.33,0,5,0,6,$115000.00,84.3
105001,Regional Choice,29,0.56,39.36,16000,2,2,1,2,$225000.00,41.8
906004,Middle Market Stressed,29,0.66,14.76,6560,0,0,3,8,$44000.00,68
1903003,Distressed,29,0.96,21.73,7400,0,10,33,7,$17587.00,33.1
2604042,Distressed,29,0.91,2102.93,260,0,11,3,5,$30000.00,45.9
701001,Distressed,29,0.59,755.95,5171.43,0,0,7,5,$23000.00,44.5
702004,Distressed,29,1.22,3.03,7700,1,13,18,9,$20000.00,33.2
803013,Distressed,29,0.87,0,6866.67,0,2,11,7,$16000.00,47.8
702005,Distressed,29,0.95,75.93,9900,0,0,21,5,$22000.00,33.4
2705013,Middle Market Choice,29,0.33,28.34,2788.24,0,3,0,3,$155000.00,87.2
2705022,Middle Market Choice,29,0.38,71.64,3500,0,1,0,6,$143500.00,68.3
2005004,Distressed,28,0.73,5.12,2718.18,0,3,7,4,$29400.00,47.9
2606052,Middle Market,28,0.5,4.65,3970.59,1,10,0,4,$70250.00,59.4
2606051,Middle Market Choice,28,0.44,0,2893.75,1,18,1,4,$120390.00,84.9
1507021,Middle Market Stressed,28,0.58,0,7366.67,0,1,3,5,$63085.00,72.5
2701022,Middle Market,28,0.63,14.97,3850,2,1,2,9,$74950.00,69.9
901001,Middle Market Stressed,28,0.73,23.79,7283.33,0,6,1,7,$43000.00,50.3
1201001,Regional Choice,28,0.77,1792.42,2514.29,1,2,1,2,$435000.00,85.2
601004,Middle Market Stressed,28,0.64,12.94,9700,0,0,10,6,$51125.00,41.5
1512001,Distressed,28,0.76,19.99,7790,1,3,9,4,$37750.00,29.3
1509001,Distressed,27,0.95,11.18,4857.14,0,10,7,6,$33200.00,60.9
1504004,Distressed,27,1.16,184.61,8650,0,4,36,5,$16500.00,34.4
1503002,Distressed,27,0.81,0,5760,0,2,6,5,$35000.00,62.7
1502005,Distressed,27,0.88,0,10700,0,2,19,7,$24080.00,38.6
2712002,Regional Choice,27,0.45,4.59,3347.06,0,6,0,4,$262500.00,55.7
801014,Middle Market Stressed,27,0.52,8250.25,9050,0,7,2,7,$45000.00,71.1
805001,Distressed,27,0.72,6.98,4250,0,7,20,4,$20000.00,49.9
2501033,Middle Market Choice,27,0.42,10.47,2306.67,0,6,1,8,$138900.00,82.3
2404003,Middle Market Choice,27,0.52,3.53,4250,1,1,1,3,$171000.00,70.5
1303002,Distressed,27,1.06,9.09,5675,0,10,25,7,$18000.00,32.3
1304003,Distressed,27,0.88,6.2,5920,0,1,14,5,$25000.00,43.7
2712005,Regional Choice,26,0.36,9.21,1386.36,0,4,0,1,$544500.00,96.5
803015,Distressed,26,1.03,0,7250,0,10,30,5,$8228.00,43.5
2706001,Middle Market Choice,26,0.5,12.12,3058.33,0,4,0,8,$130270.00,81.6
2602031,Middle Market Choice,26,0.44,12.89,2820,0,5,0,4,$108500.00,57.1
2603013,Middle Market Stressed,26,0.52,0,7550,0,6,2,6,$54311.00,56.4
2603015,Middle Market Stressed,26,0.59,3.42,5533.33,0,0,1,9,$49050.00,62.5
2804033,Regional Choice,26,0.31,0,5231.25,0,7,0,4,$189500.00,43.5
908001,Distressed,26,0.91,0.35,1575,1,9,15,5,$20000.00,43.3
2605013,Middle Market,26,0.41,7.01,10660,0,0,0,4,$91500.00,51.3
1604005,Distressed,26,0.81,176.37,6066.67,0,7,42,3,$15000.00,42
2718011,Distressed,26,0.94,2.78,4137.5,0,6,15,7,$23000.00,39.1
1203004,Middle Market Stressed,26,1.05,3.65,7514.29,0,6,10,6,$42500.00,27.3
1509004,Middle Market Stressed,26,0.76,0,1145.16,0,10,5,7,$63750.00,62.5
2718013,Middle Market Stressed,25,0.67,1.68,5733.33,0,6,4,5,$44900.00,63.3
2602013,Middle Market Stressed,25,0.58,25.36,3170,0,6,1,10,$66500.00,64.5
808004,Distressed,25,1.17,1401.88,3700,4,10,47,0,$27775.00,44.9
2007022,Distressed,25,0.66,29.01,6300,0,7,6,8,$38500.00,72.4
2006003,Middle Market Stressed,25,0.64,250.73,8625,0,5,5,6,$62900.00,69.6
2704021,Middle Market,25,0.49,0,2988.89,0,1,0,9,$103500.00,85.3
2005005,Distressed,25,1.06,2.55,7775,0,13,14,6,$15000.00,23.6
2704024,Middle Market Choice,25,0.48,11.85,3406.67,0,1,1,7,$114900.00,65.1
2005001,Distressed,25,0.85,2.01,7350,0,2,32,7,$15000.00,30.7
2705012,Middle Market Choice,25,0.3,4.73,2373.33,0,5,0,4,$160000.00,84.3
2706004,Middle Market Choice,25,0.42,0,3553.85,0,4,1,7,$155000.00,65.4
2708055,Middle Market Choice,25,0.65,3.67,2873.33,0,7,0,5,$111452.00,80.2
2713001,Regional Choice,25,0.53,3.45,1029.03,1,13,0,2,$490000.00,57.3
1506002,Distressed,25,0.82,512.86,4700,0,4,13,4,$24000.00,59.4
2716004,Distressed,25,0.88,3.77,3825,0,29,19,3,$24000.00,45.2
1604002,Distressed,25,1.11,44.17,8833.33,0,5,27,6,$12150.00,39.9
1511002,Middle Market,25,0.44,7.66,5800,0,2,1,3,$78000.00,48.8
2502052,Middle Market,25,0.43,11.18,5050,0,1,0,5,$87613.00,68
1512005,Distressed,24,0.78,0,5040,0,10,17,6,$40375.00,49.9
2201001,Regional Choice,24,0.33,3.86,2853.33,1,6,0,4,$207500.00,30
2701012,Middle Market,24,0.56,31.37,1259.26,0,2,1,10,$100500.00,63.3
1307005,Regional Choice,24,0.47,6.21,5870,1,8,0,2,$182500.00,65
2601014,Middle Market,24,0.45,49.64,2954.55,0,7,1,10,$106000.00,57.1
2712006,Regional Choice,24,0.46,4.31,1320.51,1,6,0,1,$462500.00,87
1606005,Distressed,24,0.9,0,7400,0,3,13,4,$21500.00,59.2
2804014,Middle Market,24,0.44,1.82,3566.67,0,1,0,5,$90000.00,90.4
2607001,Middle Market Choice,24,0.47,2.9,1640,0,14,1,4,$112764.00,52
1308041,Middle Market Choice,24,0.39,12.1,3766.67,0,11,1,3,$183500.00,58
2705011,Middle Market Choice,23,0.44,0.6,750,0,16,0,6,$154000.00,75.5
803014,Distressed,23,0.94,24.11,2350,0,30,38,5,$17453.00,29.8
2004004,Distressed,23,1.03,10.93,3850,0,17,24,3,$20000.00,37.2
1512003,Distressed,23,1.07,0,3642.86,0,5,17,7,$30005.00,48.6
2709013,Middle Market,23,0.51,8.36,11444.44,0,0,0,6,$75000.00,34.8
2701024,Middle Market Choice,23,0.44,0,3621.43,0,2,0,5,$122380.00,77.8
1902001,Middle Market Stressed,23,0.89,5.69,7060,2,4,14,15,$75000.00,33.8
1607006,Distressed,23,0.85,0,11450,0,5,9,9,$26000.00,53
1303003,Distressed,23,0.95,1.89,5733.33,0,14,23,3,$18000.00,33.8
2714002,Regional Choice,23,0.37,28.45,4533.33,1,7,0,1,$360000.00,53.9
803023,Distressed,23,0.64,0,10200,0,0,3,4,$26000.00,52.1
1502001,Distressed,23,1.14,0,8100,1,4,30,6,$15000.00,37.5
2718023,Distressed,23,1.3,515.7,6050,0,5,21,4,$18000.00,47
2006002,Distressed,23,0.67,3.49,1700,0,12,5,5,$33000.00,54.8
2602024,Middle Market Stressed,23,0.59,19.21,5937.5,0,1,1,7,$65000.00,63.1
2801025,Middle Market Choice,23,0.34,0,3162.5,0,3,0,5,$126000.00,77.9
2701023,Middle Market,22,0.5,5.96,3380,0,5,1,10,$75500.00,64.8
201001,Regional Choice,22,0.54,8.83,12166.67,1,1,2,4,$239500.00,43.3
801012,Middle Market,22,0.53,0,6480,0,5,1,7,$95500.00,78.1
805003,Distressed,22,0.71,0.81,2137.5,0,10,20,3,$24334.00,57.5
901003,Middle Market,22,0.47,10.44,5387.5,0,3,0,4,$97875.00,73.1
909002,Distressed,22,1.12,5.49,5200,0,9,28,3,$23950.00,33.4
1202001,Regional Choice,22,0.64,6.11,6683.33,0,2,1,3,$220188.00,61.8
1203003,Middle Market Stressed,22,0.99,17.61,10133.33,1,1,9,7,$63500.00,44
1308061,Middle Market,22,0.61,0.81,970.91,1,25,0,6,$108500.00,68.6
1402002,Distressed,22,1.15,19.12,9600,1,14,18,9,$32000.00,19
1506003,Distressed,22,1.02,34.1,5875,0,8,22,8,$18000.00,48.9
1513004,Distressed,22,1.11,3.3,2650,0,9,13,5,$25250.00,54.8
1606001,Distressed,22,0.57,0,6966.67,0,4,21,5,$20250.00,42.8
1607003,Distressed,22,0.95,0,7466.67,0,3,15,6,$17750.00,55.9
1903004,Distressed,22,0.73,8.65,4116.67,0,6,14,3,$30016.00,37.3
2007012,Distressed,22,0.79,73.44,9250,0,2,2,5,$35975.00,72
2601012,Middle Market Choice,22,0.31,0,3233.33,0,7,0,6,$139950.00,83.4
2601022,Middle Market,22,0.42,5.48,4528.57,0,1,0,7,$76570.00,80.1
2602011,Middle Market,22,0.5,3.26,2450,0,2,1,9,$84275.00,72.6
2602021,Middle Market Stressed,22,0.61,5.48,6150,0,2,3,11,$43500.00,61.1
2708025,Middle Market Choice,22,0.44,212.06,4600,0,0,1,5,$120000.00,77.8
2801022,Middle Market,22,0.61,0,2723.08,1,6,2,7,$78500.00,67.2
2708021,Middle Market Choice,21,0.35,22.01,4914.29,0,1,0,7,$116500.00,89.9
2002001,Distressed,21,0.78,146.85,3342.86,0,6,6,4,$31800.00,59.5
2709032,Middle Market Choice,21,0.41,35.8,6633.33,0,5,0,3,$175000.00,34.4
1608023,Middle Market Stressed,21,0.5,0,6933.33,0,1,1,5,$50000.00,78
2501022,Middle Market Choice,21,0.51,41.1,6325,0,4,1,5,$112000.00,58.5
2712004,Regional Choice,21,0.18,1.91,960.61,1,4,0,2,$620000.00,93.7
2711022,Regional Choice,21,0.63,8.08,1352.63,0,3,0,3,$426000.00,88.5
2708043,Regional Choice,21,0.4,0,4814.29,0,4,0,3,$215000.00,59.4
203002,Regional Choice,21,0.64,0.9,5035.71,0,7,0,4,$355000.00,29.8
2701011,Regional Choice,21,0.35,0,3411.11,1,0,0,3,$210000.00,86.8
1203001,Middle Market Stressed,21,0.75,6.09,13933.33,0,0,1,4,$67663.00,39.4
704001,Distressed,21,0.62,1.02,1625,0,54,25,0,$27895.00,35.4
805002,Distressed,21,0.78,5.17,11200,0,0,17,5,$32000.00,47.2
1510002,Middle Market Stressed,21,0.88,18.96,3940,0,5,4,8,$48918.00,55.3
2610001,Distressed,21,0.53,0,12450,0,0,4,11,$30100.00,35.3
1608012,Middle Market Stressed,21,0.61,0,7933.33,0,0,0,4,$50000.00,73.2
2503012,Distressed,21,0.63,1131.86,4250,0,5,13,1,$40000.00,42.4
2504024,Middle Market Stressed,21,0.76,14,6033.33,0,5,4,7,$42000.00,56.7
807004,Distressed,21,1.07,8.89,2633.33,3,49,18,5,$20000.00,47.3
907002,Distressed,21,1.04,26.91,6900,0,11,19,6,$13500.00,35.2
2605015,Middle Market Choice,21,0.44,27.17,7271.43,0,4,1,3,$120000.00,57.2
2502063,Middle Market Choice,21,0.48,6.28,1540,0,14,1,4,$112500.00,75.4
1204001,Middle Market Stressed,20,0.95,3.16,7000,2,20,21,4,$46923.00,23.5
2601023,Middle Market Choice,20,0.38,0,2460,0,2,1,7,$120750.00,71.8
1501002,Distressed,20,1.18,14.75,6060,1,13,13,3,$16041.00,44.5
1508004,Middle Market Stressed,20,0.69,352.97,3340,0,6,5,13,$65000.00,43.5
1308032,Middle Market Choice,20,0.28,418.66,10085.71,0,10,0,2,$154500.00,50.8
2804041,Middle Market Choice,20,0.39,0,6046.67,0,12,0,4,$129000.00,41
2604021,Middle Market Stressed,20,0.74,181.73,3326.32,0,11,0,9,$56000.00,42.1
2603012,Middle Market Stressed,20,0.43,0,6166.67,0,1,1,6,$60771.00,71.8
2720011,Middle Market,20,0.32,13.69,5772.73,0,2,0,4,$106000.00,30.4
2603026,Middle Market Stressed,20,0.48,1.16,5200,0,0,1,7,$63350.00,64.8
2001003,Distressed,20,1.16,12.65,6366.67,0,5,22,3,$12375.00,33
902002,Middle Market Choice,20,0.36,19.36,2957.14,0,1,0,5,$151924.00,80.5
2007014,Distressed,20,0.66,0,1280,0,10,6,8,$38000.00,59.2
2707031,Middle Market Choice,20,0.34,6.26,4555.56,0,3,0,5,$166150.00,66.6
2715011,Regional Choice,20,0.28,3.4,762.5,0,21,0,3,$299000.00,85.7
202001,Regional Choice,20,0.57,217.34,10000,4,6,2,5,$189950.00,40.6
903005,Regional Choice,20,0.38,0,9750,0,0,1,2,$165000.00,84.9
2718012,Distressed,20,0.89,3.66,7983.33,0,5,12,6,$27250.00,25.4
1607004,Distressed,20,0.79,26.24,3118.75,0,9,7,5,$33950.00,46.6
1604003,Distressed,20,0.86,0,6750,0,11,34,6,$15500.00,29.6
703003,Distressed,20,0.83,22.99,3720,0,13,25,5,$40000.00,33.6
2007013,Middle Market Stressed,20,0.59,0,9325,0,2,1,4,$58750.00,72.4
1507022,Middle Market Stressed,20,0.64,0,7925,0,2,6,4,$44950.00,70.7
2008003,Distressed,20,0.75,0.51,2685.71,0,6,4,6,$30000.00,50.8
2710025,Middle Market Stressed,19,0.52,8.76,4485.71,0,7,9,5,$56305.00,53.2
2720034,Regional Choice,19,0.5,132.44,2557.69,1,4,0,4,$225000.00,63.6
2502042,Distressed,19,0.74,231.54,11256.25,0,2,7,4,$27000.00,10.5
1509002,Middle Market Stressed,19,0.6,0,4537.5,0,9,5,6,$49000.00,61.3
2704013,Middle Market,19,0.59,6.02,2936.36,0,5,0,7,$70000.00,75.5
2717005,Distressed,19,0.89,58.6,7966.67,1,3,15,7,$25751.00,44.1
2002004,Distressed,19,1.18,245.93,5633.33,0,4,28,5,$17000.00,41
2002003,Distressed,19,0.97,11.1,6100,0,3,17,4,$14000.00,47.6
2709012,Middle Market Choice,19,0.45,22.35,6128.57,0,1,0,2,$118500.00,88.1
2001004,Distressed,19,0.76,0,7650,0,2,16,8,$15000.00,47.3
2603022,Middle Market,19,0.46,0,9875,0,0,0,4,$99750.00,76.5
2602012,Middle Market,19,0.63,15,2526.67,0,7,0,9,$75000.00,56.8
2716003,Middle Market Stressed,19,0.8,0,6625,0,13,3,6,$42000.00,52.6
2710024,Distressed,19,0.84,9.43,4033.33,0,17,11,8,$35000.00,53.3
2601011,Middle Market Choice,19,0.45,3.88,2253.33,0,4,1,5,$125000.00,71.3
1606003,Distressed,19,0.91,1.75,6175,1,1,18,4,$23103.00,57.8
1606004,Distressed,19,0.76,10.18,8575,0,10,21,4,$20000.00,23
1606006,Distressed,19,0.95,12.44,3975,0,4,18,4,$16034.00,55.1
2504013,Distressed,19,0.82,1.53,2600,0,12,3,5,$39900.00,41.3
2007011,Distressed,18,0.58,36.88,6700,0,14,5,5,$30000.00,64.2
905002,Middle Market Stressed,18,0.7,0.39,2537.5,1,10,3,7,$44750.00,56.9
2704014,Middle Market Choice,18,0.37,0,3466.67,0,3,0,5,$161950.00,84.5
1403002,Distressed,18,0.86,0,8400,3,22,30,8,$23333.00,29.9
2503021,Middle Market Stressed,18,0.55,1963.01,3620.69,1,14,16,3,$58800.00,41.8
2703012,Middle Market Choice,18,0.41,6.4,3237.5,0,2,0,3,$150500.00,63.8
1307002,Middle Market Choice,18,0.41,6.87,3314.29,0,0,1,2,$169000.00,62.7
2003003,Distressed,18,1.57,16.64,6350,0,7,28,8,$16000.00,26.6
2710023,Middle Market Stressed,18,0.54,8.36,4320,0,5,5,4,$56390.00,66.3
1506004,Distressed,18,0.84,156.48,4900,0,9,25,11,$28750.00,47.3
2502061,Middle Market Stressed,18,0.75,0.5,652,0,13,1,6,$62251.00,70.5
1506001,Distressed,18,1.08,1.32,4171.43,1,13,16,6,$23500.00,41.1
2801023,Middle Market Choice,18,0.57,4.77,2650,0,5,3,7,$116825.00,53.7
908006,Distressed,18,0.81,2.06,4250,1,6,24,4,$26000.00,46.3
1605005,Middle Market Stressed,18,0.56,721.82,5525,0,2,3,4,$47250.00,52.3
2501031,Middle Market Choice,18,0.31,0.44,2161.11,0,6,1,3,$114950.00,59.1
2804022,Middle Market,18,0.52,0,2712.5,0,1,1,3,$71000.00,81.6
2603021,Middle Market,18,0.49,0,3928.57,0,2,0,3,$67500.00,82.6
1513002,Distressed,18,0.96,92.7,5980,0,12,17,6,$23500.00,40.8
2710011,Middle Market Stressed,18,0.75,1.65,4057.14,1,10,4,5,$51450.00,65.4
2602032,Middle Market,18,0.4,12.84,2628.57,0,4,1,4,$101000.00,77.7
807003,Distressed,18,0.96,0,5250,1,22,33,3,$27500.00,46.9
2005002,Distressed,18,0.92,0.5,3100,0,6,19,9,$15400.00,40.9
2703021,Middle Market Choice,18,0.49,9.37,3611.11,0,6,1,9,$126500.00,63
2804012,Middle Market Choice,18,0.41,0.94,1721.43,0,9,0,5,$201500.00,90
2801013,Middle Market,17,0.64,2.47,5075,0,0,0,2,$70000.00,79.4
2706003,Middle Market Choice,17,0.36,0,3128.57,0,5,0,8,$144500.00,80.2
803011,Distressed,17,0.82,0,6600,0,6,21,8,$14000.00,38.6
702001,Distressed,17,0.82,0,5666.67,0,8,29,4,$19900.00,52.6
2702001,Middle Market Choice,17,0.67,2,2411.11,0,4,0,2,$115000.00,78.7
801021,Middle Market Stressed,17,0.78,0.25,5733.33,0,2,4,10,$41000.00,52.7
1504002,Distressed,17,0.88,14.2,2600,0,7,4,3,$27500.00,45.7
2701021,Middle Market Choice,17,0.29,0,4557.14,0,1,0,3,$160000.00,88.1
1401001,Regional Choice,17,0.31,2,10771.43,2,2,0,2,$310000.00,22.9
806006,Distressed,17,0.57,1809.48,6366.67,0,15,32,3,$12500.00,51.1
1510007,Middle Market Stressed,17,0.84,0,3933.33,0,4,7,8,$50000.00,58.5
2709031,Middle Market,17,0.38,1.76,1925,0,4,0,5,$79900.00,69.9
2710021,Middle Market,17,0.49,34.43,3053.33,1,6,1,4,$95000.00,71.8
801022,Middle Market Stressed,17,0.58,4.74,2540,0,3,4,9,$41000.00,60.1
2601015,Middle Market Choice,17,0.38,8.64,2637.5,0,3,0,7,$138600.00,77.5
2503033,Middle Market Stressed,17,0.72,9.9,3188.89,0,31,2,4,$55000.00,45.1
1607007,Distressed,17,0.85,26.97,9600,0,4,14,8,$35000.00,33.4
2502053,Middle Market,17,0.34,0,6766.67,0,1,1,5,$72500.00,56.2
2719003,Middle Market,17,0.52,6.04,3250,0,4,1,6,$73000.00,50.3
2720033,Middle Market Choice,17,0.41,52.7,3714.29,1,1,1,4,$135000.00,62.6
2713002,Regional Choice,17,0.5,1.06,1583.33,1,5,0,2,$295000.00,56.6
2501021,Middle Market Stressed,17,0.53,1.67,2247.06,0,2,1,6,$62576.00,45.4
2201002,Regional Choice,17,0.31,2.96,8178.57,1,4,0,2,$350000.00,43.6
2719004,Middle Market Choice,17,0.58,5.3,2711.11,0,4,1,4,$120000.00,75
2007015,Middle Market Stressed,16,0.74,0,9600,0,2,3,6,$46000.00,41.3
2713003,Regional Choice,16,0.48,1.12,793.33,1,3,0,1,$427105.00,90.5
908005,Distressed,16,1.11,762.7,4433.33,1,27,26,6,$16375.00,47.6
1302001,Middle Market Choice,16,0.68,8.26,6440,0,2,10,6,$119250.00,36.6
802002,Distressed,16,1.76,8.93,5800,0,4,45,4,$7000.00,33.8
2503031,Middle Market Stressed,16,0.65,3.75,1023.08,0,32,2,4,$44450.00,71.1
2005003,Distressed,16,0.72,4174.07,9750,0,3,19,7,$22950.00,28.8
801011,Regional Choice,16,0.42,6.95,344.74,0,3,0,2,$228500.00,91.7
1605003,Distressed,16,0.83,2.97,5700,4,2,19,10,$23750.00,59.3
1307001,Regional Choice,16,0.42,0,9900,0,4,0,0,$266000.00,54.7
2601021,Middle Market,16,0.52,4.74,4270,0,2,0,3,$96800.00,85.1
2718025,Distressed,16,0.95,8.42,5075,0,5,16,3,$25000.00,52.3
903001,Middle Market Choice,16,0.35,0,4133.33,0,1,0,3,$147225.00,82
1307003,Regional Choice,16,0.48,0.89,3327.27,0,1,0,0,$216250.00,55.1
2604031,Middle Market,16,0.38,229.51,3853.33,0,4,0,6,$91000.00,30.2
2002002,Distressed,16,0.84,0,6700,0,1,25,4,$20500.00,41.4
1511003,Middle Market,16,0.45,34.37,3930,0,4,0,5,$87450.00,81.3
2606053,Middle Market,16,0.92,0.79,329.59,0,17,0,6,$110000.00,18.2
2607002,Middle Market,16,0.64,4.17,9700,0,3,1,2,$76500.00,51.9
1509003,Middle Market Choice,16,0.54,0,2333.33,0,7,2,5,$147500.00,70.3
2703011,Middle Market Choice,16,0.49,8.77,2966.67,0,2,0,3,$157250.00,59.8
703002,Distressed,16,0.73,3.05,3350,2,0,47,4,$20320.00,41.9
2707033,Middle Market Choice,16,0.35,0,2352.94,0,6,0,4,$173119.00,75.9
2707023,Middle Market Choice,16,0.45,6.46,2816.67,0,2,1,6,$131500.00,72.3
2706002,Middle Market,16,0.5,3.58,3045.45,0,4,1,6,$92500.00,67
2801011,Middle Market,16,0.27,2.32,5300,0,4,0,4,$102450.00,83
1503003,Distressed,16,0.84,0,3980,0,2,11,6,$35450.00,55.3
1803001,Middle Market Stressed,16,0.96,0.81,4783.33,0,19,6,7,$63353.00,19.3
2801024,Middle Market,16,0.51,32.51,6980,0,11,1,4,$96600.00,33.1
2718022,Distressed,16,0.8,31.21,3780,0,15,25,6,$16250.00,48.8
2602022,Middle Market,15,0.35,8.76,8176.47,0,5,0,6,$102251.00,10.5
2708012,Middle Market Choice,15,0.31,1.46,3940,0,1,0,3,$150000.00,80.3
1504001,Distressed,15,0.86,1.04,4500,0,5,9,5,$24900.00,40.9
1606002,Distressed,15,0.96,0,3325,0,8,20,5,$22500.00,58
1608014,Middle Market Stressed,15,0.64,15.96,4980,0,3,2,5,$49900.00,71.2
1902002,Distressed,15,0.65,601.48,7750,0,14,17,8,$19000.00,30.7
2007021,Distressed,15,0.84,2.77,2966.67,0,8,6,7,$28854.00,65.9
2008002,Middle Market,15,0.65,12.04,4400,0,3,5,6,$70000.00,59.3
302003,Regional Choice,15,0.48,0.72,10966.67,0,2,0,5,$185000.00,33.4
2504012,Middle Market Stressed,15,0.56,3.71,3320,0,4,1,3,$60000.00,65
1503001,Distressed,15,1.01,17.68,8833.33,0,2,13,8,$20522.00,58.5
1507012,Distressed,15,0.77,0,6900,0,13,3,4,$28149.00,64.4
2603011,Middle Market Stressed,15,0.59,0,6860,0,0,2,8,$50000.00,65.5
903003,Middle Market,15,0.46,4.47,5075,0,2,1,6,$95000.00,62.1
2603023,Middle Market,15,0.49,1221.05,6280,0,0,0,6,$105000.00,76.5
2710012,Middle Market Stressed,15,0.62,32.66,3112.5,0,27,2,4,$47250.00,58.9
2709022,Middle Market,15,0.38,1.83,2269.23,0,1,0,4,$96500.00,75
601001,Middle Market Stressed,15,0.78,4.63,6700,0,2,7,11,$50000.00,34.4
604001,Middle Market Stressed,15,0.8,2.81,8275,1,8,21,13,$55000.00,21.7
808001,Distressed,15,0.58,2.27,975,4,22,46,1,$28000.00,29.2
2708052,Middle Market,15,0.46,0,4144.44,0,2,0,4,$70000.00,77.1
2708051,Middle Market Choice,15,0.5,0,5137.5,0,0,0,3,$120000.00,87.6
2708044,Regional Choice,15,0.45,7.66,4857.14,0,2,0,2,$220000.00,41.9
2703014,Middle Market Choice,15,0.39,0,2793.75,0,3,0,3,$155000.00,83.7
2703022,Middle Market Choice,15,0.38,6.13,3066.67,0,2,1,5,$159000.00,71
1513003,Distressed,14,1,1.7,2775,0,6,19,6,$16450.00,48.1
906003,Middle Market Stressed,14,0.77,22.51,10200,0,0,6,5,$40350.00,59.5
2716006,Distressed,14,0.92,8.26,3400,0,22,24,9,$20500.00,36.7
2704022,Middle Market Choice,14,0.34,0,2375,0,4,0,6,$187200.00,75.9
1502004,Distressed,14,0.92,0,6900,0,2,9,6,$26000.00,57.6
2712001,Regional Choice,14,0.3,13.54,1884.62,0,7,0,2,$351494.00,80.4
2708054,Middle Market,14,0.72,5.08,5766.67,0,4,1,6,$86500.00,73.8
2802001,Middle Market,14,0.68,66.72,2621.43,0,0,6,8,$84164.00,57
2502051,Middle Market Stressed,14,0.56,0.37,370.59,0,16,2,8,$52450.00,64.9
1513001,Distressed,14,0.84,26.1,11100,0,4,4,3,$35875.00,43.8
2706006,Middle Market Choice,14,0.35,246.65,2944.44,0,11,0,6,$149000.00,82.3
2804031,Middle Market Stressed,14,0.55,0,11350,0,0,1,5,$61500.00,41.2
2505001,Middle Market Stressed,14,0.75,6.32,8328.57,0,5,2,2,$45000.00,35.6
908002,Distressed,14,0.51,2.13,4700,0,1,7,4,$24500.00,56.8
2717006,Distressed,14,1.12,1.95,3700,0,8,20,6,$19063.00,45.6
2804034,Middle Market Choice,14,0.4,11.04,2163.64,0,7,0,5,$199950.00,72.1
2003002,Distressed,14,1.08,0.57,4400,0,8,23,4,$9250.00,24.2
1903002,Distressed,14,1.19,15.62,6800,0,21,25,10,$32500.00,19.4
1511007,Middle Market,14,0.57,5.59,4128.57,0,4,1,5,$70819.00,48.6
2720012,Middle Market Choice,14,0.42,5.83,5911.11,1,1,1,4,$154250.00,44.5
1507023,Middle Market Stressed,14,0.53,15.41,3500,0,10,8,7,$52000.00,55.2
2715013,Regional Choice,13,0.48,87.89,1229.17,0,9,0,1,$424000.00,70.8
905003,Middle Market Stressed,13,0.7,1.95,5140,0,4,2,7,$50000.00,49.4
1401003,Regional Choice,13,0.36,31.98,14540,2,5,0,2,$399000.00,25
2803021,Middle Market,13,0.57,0,5345.45,0,3,2,5,$100000.00,34.2
2804011,Middle Market Choice,13,0.5,52.47,1326.67,0,11,1,5,$160000.00,46.5
2501011,Middle Market,13,0.47,179.85,6255.56,0,14,0,5,$85708.00,34.9
2702002,Middle Market Choice,13,0.43,21.92,1433.33,0,17,1,4,$135000.00,69
2720022,Regional Choice,13,0.47,72.29,2654.55,1,1,0,2,$240000.00,67.3
2719001,Regional Choice,13,0.47,0,2020,1,9,0,3,$265000.00,77.7
804004,Distressed,13,0.46,25.89,3250,0,17,18,4,$15000.00,41.4
807002,Distressed,13,0.74,7.21,2100,0,26,41,1,$8144.00,39.8
1507013,Middle Market,13,0.47,0,7033.33,0,1,2,6,$98000.00,68.6
2605012,Middle Market Choice,13,0.34,0,1483.33,0,6,0,4,$114750.00,80.9
2802003,Middle Market Choice,13,0.42,0,2614.29,0,11,0,4,$141488.00,80.6
1403003,Middle Market Stressed,13,0.62,26.53,12733.33,3,6,17,11,$56666.00,18.3
1607001,Distressed,13,0.87,0,3960,0,5,7,6,$23500.00,63.1
1308031,Middle Market Choice,13,0.25,0,1384.62,0,19,0,2,$172500.00,59.9
1502003,Distressed,13,0.67,8.7,2500,3,43,13,3,$27000.00,46.2
2603025,Middle Market,13,0.36,608.55,10180,0,0,0,8,$97000.00,51
2802005,Middle Market,13,0.6,0,2781.82,0,6,1,10,$81500.00,62.2
2804013,Middle Market Choice,12,0.38,19.07,5225,0,2,0,4,$156000.00,42.3
2720023,Middle Market Choice,12,0.5,10.68,4636.36,1,3,0,2,$167500.00,61.7
2503032,Middle Market,12,0.33,19.6,8200,0,1,1,6,$88603.00,76
2707022,Middle Market Choice,12,0.49,5.5,2023.53,0,4,0,4,$170000.00,57.6
908004,Distressed,12,1.21,596.45,5125,0,5,18,3,$22250.00,53.6
2717004,Middle Market Stressed,12,0.82,141.42,6283.33,0,4,1,2,$52350.00,62.5
901002,Middle Market,12,0.46,0,5520,0,1,0,4,$88500.00,88.5
2803022,Middle Market Stressed,12,0.81,0,1848,1,20,1,9,$53500.00,40.2
2717003,Middle Market Choice,12,0.59,0,2450,1,5,1,3,$111000.00,86.8
1201003,Regional Choice,12,0.55,4.29,10166.67,0,5,0,1,$401950.00,47.3
903002,Middle Market Choice,12,0.43,26.77,5560,0,3,1,4,$118450.00,30.1
1301003,Middle Market Stressed,12,0.82,26.78,9100,1,9,6,12,$62708.00,23
907004,Distressed,12,0.6,0,8300,0,7,3,4,$32525.00,59
2715014,Regional Choice,12,0.34,0,1712,1,4,0,1,$347450.00,86.2
803012,Distressed,12,0.94,5.03,8600,0,3,20,6,$15600.00,51.5
1703001,Distressed,12,1.11,50.01,8600,0,35,26,6,$19750.00,13.5
806001,Distressed,12,0.73,5827.88,7400,0,20,31,2,$8250.00,42.1
806003,Distressed,12,0.49,0,8400,0,8,30,3,$15150.00,42.9
1102002,Regional Choice,12,0.46,0.48,18620,1,0,1,2,$177000.00,8.7
1701001,Middle Market,12,0.64,1.39,6585.71,0,7,0,5,$82250.00,18.3
1703002,Middle Market Choice,12,0.58,1091.74,8733.33,0,16,14,3,$129000.00,36.8
2709033,Middle Market,12,0.49,27.06,6816.67,0,0,1,5,$72750.00,46.4
803024,Middle Market,12,0.46,3768.31,9280,0,1,1,3,$77300.00,54.5
1605004,Middle Market Stressed,12,0.75,15.07,6100,0,0,5,5,$44650.00,74.9
2719002,Middle Market Choice,12,0.61,0,2550,0,14,1,7,$114750.00,73.5
1510006,Middle Market Stressed,11,0.87,250.78,2130,0,15,9,8,$57750.00,54
2001001,Distressed,11,0.43,0,3675,0,3,17,5,$18000.00,44.7
1004001,Distressed,11,0.88,35.78,8433.33,0,37,41,0,$15000.00,6.9
2716001,Distressed,11,0.92,286.09,5000,0,3,1,7,$32000.00,37.4
2714003,Regional Choice,11,0.29,9.55,1530,1,3,0,2,$640000.00,72.3
1903001,Distressed,11,1.12,1.89,6000,1,5,18,10,$22000.00,35
1901004,Distressed,11,0.95,32.85,4700,0,43,23,10,$31146.00,22.5
2801021,Middle Market,11,0.58,0.96,587.01,0,8,1,5,$80000.00,46.9
1303001,Middle Market,11,0.71,4.51,10400,0,9,5,8,$82950.00,39.3
2505003,Distressed,11,1.25,3.21,260.2,0,22,2,5,$33713.00,53.3
2802006,Middle Market,11,0.52,6.75,2158.33,0,5,2,7,$95000.00,62.8
1513005,Distressed,11,0.85,2.06,3133.33,0,11,17,5,$21000.00,31.8
2804015,Middle Market,11,0.56,0,6375,0,3,0,3,$65625.00,60.6
2710013,Distressed,11,0.87,9.3,8100,0,6,5,9,$35500.00,18.8
806005,Distressed,11,0.94,0,7150,0,9,35,4,$10000.00,34
1510001,Middle Market Stressed,11,0.71,0,4150,0,11,1,9,$42000.00,47.1
802004,Distressed,11,0.55,2.21,3325,0,33,31,7,$14800.00,27.5
803022,Distressed,11,0.67,0,3585.71,0,1,3,6,$19210.00,65.4
1205001,Distressed,11,0.94,5.04,4900,2,30,25,7,$40000.00,16.9
2301001,Middle Market,11,0.64,2.6,6800,2,17,2,5,$97250.00,26.2
802003,Distressed,10,0.86,2.53,3300,0,22,44,3,$6193.00,33.4
2703013,Middle Market,10,0.49,0,2054.55,0,10,1,8,$107750.00,79.5
2001002,Distressed,10,1.1,0,6150,0,11,23,3,$16450.00,30.2
1001002,Distressed,10,1,3.28,4400,1,20,19,2,$15750.00,63.3
806004,Distressed,10,0.85,0,6850,0,13,30,3,$9750.00,42.9
1604001,Distressed,10,1.32,3.18,3300,0,5,24,3,$15984.00,43.2
1501001,Distressed,10,1.19,11165.07,6966.67,0,21,19,5,$15625.00,30.7
806002,Distressed,10,1.04,5.15,5650,0,8,31,2,$13500.00,44.3
2704023,Middle Market,10,0.7,2.79,2430,0,1,0,5,$75439.00,68.5
2002005,Distressed,10,1.08,3.86,1040,0,7,13,4,$25600.00,61
909003,Distressed,10,0.71,3121.89,7200,0,22,30,5,$14000.00,38.5
2705021,Middle Market Choice,10,0.58,5.74,3746.67,0,5,0,6,$112750.00,42.8
2710022,Middle Market Stressed,10,0.43,13.36,9433.33,0,5,1,9,$38300.00,65.3
901004,Middle Market Stressed,10,0.78,16.33,8325,1,12,3,2,$47038.00,36.3
2802004,Middle Market,10,0.71,11.61,2164.29,0,5,1,4,$65275.00,75.6
1605002,Middle Market Stressed,10,0.66,6.47,4400,0,1,7,6,$47500.00,57.4
1001001,Distressed,10,0.85,26.3,4533.33,0,11,25,3,$41229.00,47
1608011,Middle Market,10,0.35,0,10300,0,0,0,5,$90500.00,41.8
1608013,Distressed,10,0.67,0,8233.33,0,0,1,5,$37000.00,75.4
2605014,Middle Market,10,0.45,0.94,441.3,0,12,0,2,$92068.00,74.1
2711011,Regional Choice,10,0.23,0.35,2216.67,0,2,0,2,$243500.00,35.3
1601004,Distressed,10,1.52,11.44,5760,0,20,23,5,$20850.00,27.8
1403001,Middle Market Stressed,10,1.17,1.83,9233.33,3,8,25,9,$45050.00,15.9
2711012,Middle Market Choice,10,0.4,2.66,3630,0,5,1,3,$157500.00,56.7
2804021,Middle Market,10,0.57,8.58,2966.67,0,17,2,5,$89850.00,76.5
1506005,Distressed,10,0.94,1.95,2871.43,1,20,12,8,$27450.00,38.8
1504005,Distressed,10,0.82,0,6550,0,5,28,5,$37167.00,37.3
2606054,Middle Market,10,0.49,176.19,1692.86,0,14,0,4,$72500.00,69.1
1512002,Distressed,10,1.3,0,2350,0,16,23,7,$16500.00,41.5
1601003,Distressed,9,0.73,12.8,9725,1,8,32,5,$24900.00,22.2
1605001,Distressed,9,0.72,8.82,2800,0,7,2,3,$38750.00,43.6
908003,Distressed,9,0.6,1.8,3025,0,20,25,3,$17500.00,38
2708024,Middle Market Choice,9,0.34,256.1,5400,0,0,0,5,$150000.00,31.1
802005,Distressed,9,0.99,1.96,1200,0,35,19,2,$5199.00,54.9
1511005,Middle Market Choice,9,0.6,481.46,3028.57,0,2,1,10,$149900.00,76.3
1511004,Middle Market Choice,9,0.52,21.83,2872.73,0,3,1,2,$150000.00,84.6
1403005,Distressed,9,1.43,3.75,3925,7,45,17,4,$17000.00,33.6
2711021,Regional Choice,9,0.43,2.9,2016.13,3,6,0,0,$670000.00,26.9
2708053,Middle Market,9,0.84,21.11,5466.67,0,1,1,4,$70000.00,26.2
2502055,Middle Market Stressed,9,0.34,11.47,7837.5,0,22,0,4,$50500.00,12.6
1401002,Regional Choice,9,0.38,6.8,7271.43,2,5,1,1,$299000.00,19.7
1504003,Distressed,9,0.91,9601.83,4625,1,2,16,5,$27000.00,42.8
2716002,Middle Market Stressed,9,0.71,0,7950,0,6,1,5,$40565.00,24
1802002,Middle Market Stressed,9,1.08,6.66,11950,0,32,18,9,$65000.00,27.8
1602001,Distressed,9,1.17,227.19,7925,0,4,13,4,$24000.00,75
1513006,Distressed,9,0.49,2.53,3150,0,15,19,5,$25000.00,43.3
2003001,Distressed,8,0.61,4.32,6150,0,22,25,4,$13950.00,23
1201002,Regional Choice,8,0.57,4.72,8757.14,0,4,0,1,$430000.00,25.5
1508003,Middle Market Stressed,8,0.6,8.66,4180,1,10,10,12,$70000.00,39.4
1205002,Distressed,8,1.32,3.98,2687.5,2,16,17,2,$23750.00,21.8
1511001,Middle Market,8,0.6,7.58,5433.33,0,4,1,4,$93808.00,56.8
2720014,Middle Market,8,0.51,3.52,8686.67,10,5,0,4,$107500.00,25.4
2719005,Middle Market,8,0.71,3.39,3962.5,0,4,0,3,$94460.00,67.7
1508001,Middle Market,8,1.14,222.89,6633.33,0,0,3,13,$82250.00,42
2716005,Distressed,8,0.65,13.58,3220,0,6,9,9,$34448.00,60.6
2718021,Distressed,8,1.26,2.16,4475,0,8,20,9,$14500.00,37.7
2702003,Middle Market Choice,8,0.56,6.51,2400,0,6,0,5,$175000.00,71.2
2802002,Middle Market,8,0.55,0,569.44,0,2,0,6,$81450.00,78.8
1204003,Middle Market Choice,8,0.81,0,10800,8,17,26,4,$150217.00,30
906001,Distressed,8,0.94,33.19,4920,0,0,7,8,$35795.00,56.7
2709011,Middle Market Choice,8,0.39,2.47,7411.11,0,0,0,3,$119900.00,56
905001,Distressed,8,1.1,3.73,1575,0,13,3,5,$21800.00,46
804003,Distressed,8,1.26,0,8000,0,4,48,3,$14850.00,13.7
2801014,Middle Market,8,0.66,0.91,1790,0,5,3,4,$69250.00,78.8
2706005,Middle Market Choice,8,0.35,0,3600,0,4,0,4,$115750.00,88.2
1401005,Regional Choice,8,0.42,7.42,13000,0,6,0,3,$217500.00,24.1
1512004,Distressed,8,0.64,974.43,3760,0,22,19,7,$30250.00,42.4
2720035,Regional Choice,8,0.29,468.41,2990.91,1,3,0,0,$278250.00,54
804001,Distressed,7,0.47,0,5600,1,3,40,4,$10000.00,39.4
1506006,Distressed,7,1.25,5.02,1184.62,0,21,21,4,$16501.00,44.3
1507011,Middle Market,7,0.58,131.13,896.67,0,10,2,8,$84900.00,49.3
1508005,Middle Market Stressed,7,0.83,80.95,5566.67,1,10,6,8,$55000.00,31.1
1508006,Middle Market Stressed,7,0.57,377.26,3516.67,0,9,7,11,$67528.00,31.2
1508007,Distressed,7,1.71,21.33,4487.5,1,13,12,10,$17500.00,26.2
1510005,Middle Market Choice,7,0.63,226.03,3450,1,5,10,13,$140000.00,37.8
1510008,Middle Market Stressed,7,0.7,35.74,3128.57,0,13,5,11,$50000.00,35.7
1601001,Distressed,7,1.13,5.69,2000,0,31,33,3,$15500.00,49.6
1604004,Distressed,7,1.51,0,5500,0,12,45,2,$10000.00,37.8
1304002,Middle Market Stressed,7,0.69,0,9100,1,7,10,9,$55000.00,20.1
2004001,Distressed,7,1.29,178.29,10200,0,9,37,4,$10000.00,25.8
2004003,Distressed,7,0.54,17.14,7450,0,3,30,2,$21000.00,29.3
1002002,Middle Market Stressed,7,0.37,9,3180,1,1,0,5,$44000.00,80.5
2502032,Middle Market Stressed,7,0.62,4.37,6828.57,0,1,7,5,$64335.00,33.2
909001,Distressed,7,0.82,3.82,7400,0,15,10,2,$27250.00,46.8
2504022,Middle Market,7,0.64,0,1500,6,6,21,3,$82000.00,12.7
2804035,Regional Choice,7,0.46,20.85,1613.33,0,4,1,5,$332000.00,53.3
2606042,Middle Market,7,0.35,353.51,3480,0,12,1,5,$68380.00,35.6
704003,Distressed,7,0.61,2.1,7400,1,9,21,2,$30000.00,12.7
2708041,Regional Choice,7,0.29,0,7187.5,0,14,0,2,$182780.00,21.6
2718024,Distressed,7,0.82,3.01,4800,0,4,9,6,$27000.00,45.6
2720013,Middle Market Choice,7,0.36,10.34,3978.57,0,2,0,4,$131000.00,56.2
2720021,Regional Choice,7,0.24,30.15,6626.32,0,2,0,1,$285000.00,40
2803013,Regional Choice,7,0.22,18.62,3306.82,2,23,1,4,$240000.00,7.6
1501003,Distressed,7,0.89,9.15,20328.57,1,20,14,3,$22000.00,25
1001003,Distressed,6,0.93,10.73,4960,3,16,23,4,$33989.00,50.1
1603003,Distressed,6,0.95,0,2300,0,29,40,7,$26000.00,30.7
1204004,Distressed,6,1.06,21.26,2625,0,35,33,8,$32979.00,29.5
1304001,Distressed,6,0.95,22.38,204.95,2,2,11,5,$36500.00,40.3
1102003,Regional Choice,6,1.02,0.7,17314.29,1,1,0,2,$218500.00,6.6
1607005,Middle Market Stressed,6,0.68,45,5833.33,0,5,10,6,$48500.00,65
2501034,Middle Market Choice,6,0.21,6.6,1191.89,0,8,0,3,$137450.00,40.3
2720031,Regional Choice,6,0.2,10.4,3758.33,1,2,0,1,$236475.00,46.9
2502031,Middle Market Stressed,6,0.67,6.27,1028.13,0,1,1,2,$59500.00,36.9
2715015,Regional Choice,6,0.31,0,3772.73,16,29,0,1,$371500.00,19.7
1206002,Middle Market,6,0.87,1.02,4111.11,1,4,0,10,$88000.00,17.4
2801012,Middle Market,6,0.35,0.47,1752.78,0,25,0,5,$97100.00,26.2
1510004,Middle Market Stressed,6,0.8,8.88,3440,0,9,8,11,$52500.00,33
301003,Middle Market Choice,6,0.47,4.19,12670,1,16,4,3,$137000.00,4.7
2708022,Middle Market Choice,6,0.49,10.89,8620,0,0,0,2,$130500.00,27.2
1204002,Middle Market Stressed,6,1.15,104.57,6300,6,28,14,7,$62450.00,16.5
1601002,Distressed,6,0.91,2912.55,8200,0,21,20,8,$10000.00,21.7
802001,Distressed,6,0.53,0.68,884.21,0,26,11,4,$37250.00,55.3
1602003,Distressed,6,0.56,0,4733.33,0,18,44,5,$10625.00,14.8
1602004,Distressed,6,0.64,0,3666.67,0,32,33,5,$15950.00,11.7
2604022,Middle Market,6,0.79,0.49,1348.48,0,7,0,7,$110438.00,22.2
1603001,Distressed,6,1.15,4.95,4400,1,31,18,3,$14750.00,36.6
2708013,Middle Market Choice,6,0.24,6.85,4987.5,0,2,0,6,$163950.00,52.3
1603002,Distressed,5,1.27,0,4900,0,50,27,14,$21000.00,14.3
1402003,Distressed,5,1.21,1.94,2350,1,23,30,4,$20000.00,39.3
804002,Distressed,5,0.65,0,2800,0,34,30,3,$22000.00,32.1
2606043,Middle Market Stressed,5,0.53,0,500,0,5,0,3,$49000.00,51.5
2606041,Middle Market,5,0.27,0,966.67,0,1,1,10,$72000.00,72.4
1511006,Middle Market Choice,5,0.26,64.44,2833.33,0,1,2,11,$145000.00,61.3
1602002,Distressed,5,0.78,20.66,6550,1,26,28,7,$42721.00,14
2803012,Middle Market,5,0.83,1.19,1400,0,58,0,6,$95000.00,27
904002,Distressed,5,0.36,2.14,13166.67,1,17,25,3,$20000.00,5
2601013,Middle Market Choice,5,0.22,14.98,5875,0,16,0,5,$115000.00,16.4
1302003,Middle Market,5,0.55,6.91,9100,0,6,7,13,$102000.00,28
1702001,Distressed,5,1.13,4.37,6620,1,15,17,3,$20000.00,15.9
2720032,Regional Choice,5,0.1,54.23,5041.67,3,5,0,2,$245000.00,22.4
2708023,Middle Market Choice,5,0.21,1.55,2925,0,2,0,4,$135000.00,43.8
1901002,Distressed,5,0.52,3.51,6800,0,16,9,8,$25000.00,27.6
909005,Distressed,5,0.68,3.12,1006.67,1,41,26,6,$7973.00,20.3
2715012,Regional Choice,5,0.64,3.94,866.67,0,4,0,2,$299000.00,78.7
1505002,Middle Market Stressed,5,0.71,0.52,1611.76,0,10,0,4,$42900.00,69.4
2004002,Distressed,5,1.38,21.18,2216.67,0,23,30,7,$9000.00,18.7
1101002,Regional Choice,5,0.13,1.1,13542.86,1,4,0,2,$230375.00,6.2
2708042,Middle Market Choice,5,0.38,20.25,6600,1,2,0,4,$150000.00,38.4
1206001,Regional Choice,5,0.46,2.06,14825,0,0,1,4,$195000.00,16.3
1202003,< 5 Sales; MultiFamily (>65% of Housing Units),4,0.36,15.71,20425,0,1,0,2,$245500.00,9.5
1403004,< 5 Residential Sales (2009-2010),4,0.77,3.54,3000,0,37,18,2,$13865.00,42.5
302002,< 5 Residential Sales (2009-2010),4,0.64,3.54,4360,1,11,0,5,$241500.00,45
1901003,< 5 Residential Sales (2009-2010),4,1.49,2.75,7600,0,34,18,1,$14250.00,17.2
2718014,< 5 Residential Sales (2009-2010),4,0.31,2343.58,11200,0,0,1,5,$97250.00,77.1
1510003,< 5 Residential Sales (2009-2010),4,0.75,4.71,2614.29,0,3,6,6,$97500.00,47.9
1801002,< 5 Sales; MultiFamily (>65% of Housing Units),4,0.49,9.35,8083.33,3,59,12,3,$32724.00,6.2
1802001,< 5 Residential Sales (2009-2010),4,1.22,3.24,2357.14,1,52,15,5,$9005.00,19.1
2502072,< 5 Residential Sales (2009-2010),4,0.88,5.66,2411.11,0,6,1,3,$54250.00,56.4
1901001,< 5 Residential Sales (2009-2010),4,1.29,3.92,3000,0,25,26,3,$15250.00,42.2
1301002,< 5 Sales; MultiFamily (>65% of Housing Units),4,0.61,0,22950,3,18,22,20,$53750.00,11.1
301001,< 5 Residential Sales (2009-2010),4,0.54,7.59,6175,0,20,0,3,$103188.00,31.9
1302004,< 5 Residential Sales (2009-2010),4,0.48,0,9400,1,10,23,8,$101500.00,19.3
1508002,< 5 Residential Sales (2009-2010),4,0.58,62.2,3540,0,3,8,9,$87500.00,35
2717007,< 5 Residential Sales (2009-2010),4,0.45,27.21,1188,0,5,4,3,$32550.00,64.8
604003,< 5 Residential Sales (2009-2010),4,0.14,0.28,2355.56,0,5,0,3,$145930.00,47.1
1801001,< 5 Residential Sales (2009-2010),3,0.05,3.53,4771.43,0,7,0,5,$111000.00,23
909004,< 5 Sales; MultiFamily (>65% of Housing Units),3,0.89,0,14350,0,27,23,11,$20000.00,10.5
1002001,< 5 Sales; MultiFamily (>65% of Housing Units),3,0.84,367.17,9525,1,16,9,7,$130000.00,15.4
1101001,< 5 Residential Sales (2009-2010),3,0.31,37.74,26360,1,1,1,4,$450000.00,24.9
1102001,< 5 Sales; MultiFamily (>65% of Housing Units),3,0.8,0.42,8643.75,0,2,0,4,$166500.00,8.1
2717001,< 5 Residential Sales (2009-2010),3,0.21,0.48,2386.67,1,4,0,3,$63437.00,30
1401004,< 5 Sales; MultiFamily (>65% of Housing Units),3,0.97,281.01,17075,1,2,0,4,$179000.00,14.4
1302002,< 5 Residential Sales (2009-2010),3,0.58,6.91,11166.67,0,4,6,8,$110000.00,12.4
2804042,< 5 Residential Sales (2009-2010),3,0.77,2.52,523.53,0,0,2,1,$60000.00,77.5
1402001,< 5 Sales; MultiFamily (>65% of Housing Units),3,0.78,13.27,7850,3,8,23,7,$175000.00,7.1
803021,< 5 Residential Sales (2009-2010),2,0.8,0,14100,0,0,1,3,$78500.00,48.3
2717002,< 5 Residential Sales (2009-2010),2,0.64,10.08,6560,0,4,0,3,$82000.00,36
1701002,>50 residential lots; >40 % vacant lots,2,0.22,952.45,6180,0,40,1,6,$43276.00,9.2
2720025,< 5 Sales; MultiFamily (>65% of Housing Units),2,0.1,0,10125,0,0,0,0,$102500.00,9.6
2720024,< 5 Sales; MultiFamily (>65% of Housing Units),2,0.78,629.61,5735.71,0,1,0,1,$418500.00,30.3
807001,< 5 Residential Sales (2009-2010),2,0.2,10.48,2700,0,47,25,3,$10500.00,34.3
604002,< 5 Residential Sales (2009-2010),2,0.2,0,2366.67,0,2,0,8,$342450.00,32.3
2804032,< 5 Residential Sales (2009-2010),2,0.23,1.28,1932,0,6,1,5,$94375.00,39.1
1308051,< 5 Residential Sales (2009-2010),2,0.2,1,970.97,0,6,0,4,$221250.00,54.4
1205003,< 5 Residential Sales (2009-2010),2,0.44,1.17,6560,1,7,8,8,$213500.00,16.7
2604033,< 5 Residential Sales (2009-2010),2,0.71,0,34.29,0,21,0,14,$100000.00,66.7
301002,>50 residential lots; >50 % vacant lots,1,0,0.57,1800,0,58,1,5,$176000.00,42.2
1301001,< 5 Residential Sales (2009-2010),1,0,0,8533.33,0,2,13,15,$60000.00,25.3
2715031,< 5 Residential Sales (2009-2010),1,0,0.87,2441.38,0,1,0,1,$219500.00,74.4
1301004,< 5 Sales; MultiFamily (>65% of Housing Units),1,0,18.94,16700,3,1,8,13,$565000.00,11.4
1505001,< 5 Sales; MultiFamily (>65% of Housing Units),1,0,0.97,2110.53,1,7,8,6,$35000.00,19
2708032,< 5 Sales; MultiFamily (>65% of Housing Units),1,0,3.05,5022.73,0,11,0,2,$150000.00,7.5
501002,< 5 Sales; MultiFamily (>65% of Housing Units),1,0,0.78,5133.33,0,22,0,26,$220000.00,6.9
2506001,>50 residential lots; >40 % vacant lots,1,0,0,4.55,0,37,1,0,$18700.00,0
2506002,>50 residential lots; >40 % vacant lots,1,0,0,4.9,0,59,0,9,$159500.00,20.3
2602014,< 5 Sales; MultiFamily (>65% of Housing Units),1,0,2.43,5917.39,1,14,1,12,$54900.00,2.7
2803011,>50 residential lots; >40 % vacant lots,1,0,48.35,1379.63,0,41,1,2,$92500.00,6.1
1402004,>50 residential lots; >40 % vacant lots,1,0,3.07,5166.67,1,46,16,3,$14700.00,22.1
2604041,>50 residential lots; >40 % vacant lots,1,0,0,48.98,0,37,2,0,$10000.00,14.4
302001,< 5 Residential Sales (2009-2010),1,0,0.29,1316.67,1,21,0,18,$45000.00,59.9
1202005,< 5 Sales; MultiFamily (>65% of Housing Units),1,0,0.76,21200,0,0,0,1,$182000.00,11.8
1702002,< 5 Sales; MultiFamily (>65% of Housing Units),0,0,4.97,26255.56,11,5,0,50,$0.00,0
2502043,NR - Non-residential (<50 residential lots),0,0,9.28,25,0,0,0,0,$0.00,100
2404002,NR - Non-residential (<50 residential lots),0,0,0,0,0,0,0,0,$0.00,0
1002003,>50 residential lots; >50 % vacant lots,0,0,1.6,0,0,85,0,0,$0.00,0
2502071,< 5 Sales; MultiFamily (>65% of Housing Units),0,0,13.79,2788.89,0,20,0,17,$0.00,1.7
2505005,>50 residential lots; >40 % vacant lots,0,0,0,1.05,0,46,0,20,$0.00,0
1004002,>50 residential lots; >50 % vacant lots,0,0,0.32,375,0,55,13,14,$0.00,20.5
1608021,NR - Non-residential (<50 residential lots),0,0,0,0,0,92,0,0,$0.00,0
704002,>50 residential lots; >50 % vacant lots,0,0,0,3075,0,90,0,0,$0.00,0
1205004,NR - Non-residential (<50 residential lots),0,0,0,20,0,6,0,0,$0.00,100
2603031,>50 residential lots; >40 % vacant lots,0,0,1.41,197.87,0,44,0,3,$0.00,29.4
2604011,NR - Non-residential (<50 residential lots),0,0,0,10.53,0,0,0,0,$0.00,0
2707021,< 5 Sales; MultiFamily (>65% of Housing Units),0,0,229.43,9740,0,33,0,0,$0.00,0
2604012,NR - Non-residential (<50 residential lots),0,0,23.37,6.67,0,34,0,0,$0.00,0
1202004,< 5 Sales; MultiFamily (>65% of Housing Units),0,0,0,0,0,20,0,0,$0.00,0
2604013,NR - Non-residential (<50 residential lots),0,0,0,0,0,0,0,0,$0.00,0
2604032,NR - Non-residential (<50 residential lots),0,0,0,13.33,0,90,0,450,$0.00,0
501003,NR - Non-residential (<50 residential lots),0,0,0,4566.67,0,3,3,4,$0.00,9.4
1002004,< 5 Sales; MultiFamily (>65% of Housing Units),0,0,208.94,71300,100,0,0,0,$0.00,0
2707011,< 5 Sales; MultiFamily (>65% of Housing Units),0,0,5.45,8960,13,0,0,0,$0.00,0
2604044,NR - Non-residential (<50 residential lots),0,0,0,0,0,71,0,0,$0.00,0
808002,>50 residential lots; >50 % vacant lots,0,0,0,2450,22,72,1,2,$0.00,24.9
2201003,NR - Non-residential (<50 residential lots),0,0,0,0,0,0,0,0,$0.00,0
401001,< 5 Sales; MultiFamily (>65% of Housing Units),0,0,0.89,3350,0,6,0,5,$0.00,15.7
401002,< 5 Sales; MultiFamily (>65% of Housing Units),0,0,0.24,9553.33,0,12,1,21,$0.00,0.1
402001,< 5 Sales; MultiFamily (>65% of Housing Units),0,0,0.09,483.33,0,14,1,0,$0.00,4.4
402002,< 5 Sales; MultiFamily (>65% of Housing Units),0,0,1.73,2390.91,2,15,0,0,$0.00,0
1003001,NR - Non-residential (<50 residential lots),0,0,0.36,0,0,0,0,0,$0.00,0
501001,< 5 Residential Sales (2009-2010),0,0,0.24,6.25,0,7,0,0,$0.00,0
1206003,< 5 Sales; MultiFamily (>65% of Housing Units),0,0,0.11,7542.86,1,8,2,18,$0.00,0.9
2502041,NR - Non-residential (<50 residential lots),0,0,56.39,7369.23,3,3,0,3,$0.00,5.2
605001,< 5 Sales; MultiFamily (>65% of Housing Units),0,0,0.78,7263.64,3,17,0,0,$0.00,0
